{
  "心法": "孤锋诀",
  "奇穴": [
    "渊冲",
    "戗风",
    "溃延",
    "放皓",
    "电逝",
    "承磊",
    "界破",
    "长溯",
    "涣衍",
    "涤瑕",
    "流岚",
    "潋风"
  ],
  "五彩石": "彩·无双·斩铁·痛击(陆)",
  "装备增益": {
    "大附魔_伤帽": 1,
    "大附魔_伤衣": 1,
    "大附魔_伤腰": 1,
    "大附魔_伤腕": 1,
    "大附魔_伤鞋": 1
  },
  "装备列表": [
    {
      "镶嵌孔数组": [
        {
          "镶嵌类型": "力道提高",
          "镶嵌宝石等级": 8
        },
        {
          "镶嵌类型": "外功攻击提高",
          "镶嵌宝石等级": 8
        }
      ],
      "当前精炼等级": 6,
      "id": 98338,
      "装备部位": "帽子",
      "附魔": "外功攻击提高439"
    },
    {
      "镶嵌孔数组": [
        {
          "镶嵌类型": "外功会心等级提高",
          "镶嵌宝石等级": 8
        },
        {
          "镶嵌类型": "外功会心效果等级提高",
          "镶嵌宝石等级": 8
        }
      ],
      "当前精炼等级": 6,
      "id": 98368,
      "装备部位": "衣服",
      "附魔": "无双等级提高291"
    },
    {
      "镶嵌孔数组": [
        {
          "镶嵌类型": "外功会心等级提高",
          "镶嵌宝石等级": 8
        },
        {
          "镶嵌类型": "外功攻击提高",
          "镶嵌宝石等级": 8
        }
      ],
      "当前精炼等级": 6,
      "id": 98278,
      "装备部位": "腰带",
      "附魔": "无双等级提高291"
    },
    {
      "镶嵌孔数组": [
        {
          "镶嵌类型": "破招值提高",
          "镶嵌宝石等级": 8
        },
        {
          "镶嵌类型": "外功破防等级提高",
          "镶嵌宝石等级": 8
        }
      ],
      "当前精炼等级": 3,
      "id": 98455,
      "装备部位": "护腕",
      "附魔": "外功破防等级提高974"
    },
    {
      "镶嵌孔数组": [
        {
          "镶嵌类型": "外功会心效果等级提高",
          "镶嵌宝石等级": 8
        },
        {
          "镶嵌类型": "外功攻击提高",
          "镶嵌宝石等级": 8
        }
      ],
      "当前精炼等级": 3,
      "id": 98465,
      "装备部位": "下装",
      "附魔": "外功破防等级提高974"
    },
    {
      "镶嵌孔数组": [
        {
          "镶嵌类型": "外功攻击提高",
          "镶嵌宝石等级": 8
        },
        {
          "镶嵌类型": "外功破防等级提高",
          "镶嵌宝石等级": 8
        }
      ],
      "当前精炼等级": 6,
      "id": 98308,
      "装备部位": "鞋子",
      "附魔": "加速等级提高974"
    },
    {
      "镶嵌孔数组": [
        {
          "镶嵌类型": "无双等级提高",
          "镶嵌宝石等级": 8
        }
      ],
      "当前精炼等级": 6,
      "id": 39818,
      "装备部位": "项链",
      "附魔": "体质+361"
    },
    {
      "镶嵌孔数组": [
        {
          "镶嵌类型": "外功破防等级提高",
          "镶嵌宝石等级": 8
        }
      ],
      "当前精炼等级": 4,
      "id": 39854,
      "装备部位": "腰坠",
      "附魔": "体质+361"
    },
    {
      "镶嵌孔数组": [],
      "当前精炼等级": 3,
      "id": 39862,
      "装备部位": "戒指",
      "附魔": "外功攻击提高439"
    },
    {
      "镶嵌孔数组": [],
      "当前精炼等级": 3,
      "id": 39862,
      "装备部位": "戒指",
      "附魔": "外功攻击提高439"
    },
    {
      "镶嵌孔数组": [
        {
          "镶嵌类型": "力道提高",
          "镶嵌宝石等级": 8
        }
      ],
      "当前精炼等级": 6,
      "id": 37181,
      "装备部位": "暗器",
      "附魔": "外功破防等级提高974"
    },
    {
      "镶嵌孔数组": [
        {
          "镶嵌类型": "外功攻击提高",
          "镶嵌宝石等级": 8
        },
        {
          "镶嵌类型": "力道提高",
          "镶嵌宝石等级": 8
        },
        {
          "镶嵌类型": "外功破防等级提高",
          "镶嵌宝石等级": 8
        }
      ],
      "当前精炼等级": 4,
      "id": 37251,
      "装备部位": "武器",
      "附魔": "近身伤害提高658"
    }
  ]
}